{
    "comment": "This file lists all sequences together with the sound banks they use. If a sequence uses multiple banks, the first bank will be used by default, and it can switch between them using the chan_setbank command; e.g. chan_setbank 0 will switch to the first bank in the given list.",
	"00_Seq_Super Mario The Galactic Journey_custom": ["0A_mario_peach"],
    "00_sound_player": null,
	"01_Seq_Super Mario The Galactic Journey_custom": ["1C_endless_stairs"],
    "01_cutscene_collect_star": null,
	"02_Seq_Super Mario The Galactic Journey_custom": ["11"],
    "02_menu_title_screen": null,
	"03_Seq_Super Mario The Galactic Journey_custom": ["1A"],
    "03_level_grass": null,
	"04_Seq_Super Mario The Galactic Journey_custom": ["1C_endless_stairs"],
    "04_level_inside_castle": null,
	"05_Seq_Super Mario The Galactic Journey_custom": ["13"],
    "05_level_water": null,
	"06_Seq_Super Mario The Galactic Journey_custom": ["25"],
    "06_level_hot": null,
	"07_Seq_Super Mario The Galactic Journey_custom": ["1B"],
    "07_level_boss_koopa": null,
	"08_Seq_Super Mario The Galactic Journey_custom": ["25"],
    "08_level_snow": null,
	"09_Seq_Super Mario The Galactic Journey_custom": ["1B"],
    "09_level_slide": null,
    "0A_level_spooky": ["10", "21"],
	"0B_Seq_Super Mario The Galactic Journey_custom": ["14_piranha_music_box"],
    "0B_event_piranha_plant": null,
	"0C_Seq_Super Mario The Galactic Journey_custom": ["1A"],
    "0C_level_underground": null,
	"0D_Seq_Super Mario The Galactic Journey_custom": ["1C_endless_stairs"],
    "0D_menu_star_select": null,
	"0E_Seq_Super Mario The Galactic Journey_custom": ["25"],
    "0E_event_powerup": null,
	"0F_Seq_Super Mario The Galactic Journey_custom": ["18"],
    "0F_event_metal_cap": null,
	"10_Seq_Super Mario The Galactic Journey_custom": ["12"],
    "10_event_koopa_message": null,
    "11_level_koopa_road": ["19"],
	"12_Seq_Super Mario The Galactic Journey_custom": ["1F"],
    "12_event_high_score": null,
	"13_Seq_Super Mario The Galactic Journey_custom": ["1A"],
    "13_event_merry_go_round": null,
	"14_Seq_Super Mario The Galactic Journey_custom": ["1A"],
    "14_event_race": null,
	"15_Seq_Super Mario The Galactic Journey_custom": ["0E"],
    "15_cutscene_star_spawn": null,
	"16_Seq_Super Mario The Galactic Journey_custom": ["1B"],
    "16_event_boss": null,
	"17_Seq_Super Mario The Galactic Journey_custom": ["1A"],
    "17_cutscene_collect_key": null,
	"18_Seq_Super Mario The Galactic Journey_custom": ["13"],
    "18_event_endless_stairs": null,
    "19_level_boss_koopa_final": ["1D_bowser_organ"],
    "1A_cutscene_credits": ["25"],
	"1B_Seq_Super Mario The Galactic Journey_custom": ["14_piranha_music_box"],
    "1B_event_solve_puzzle": null,
	"1C_Seq_Super Mario The Galactic Journey_custom": ["20"],
    "1C_event_toad_message": null,
	"1D_Seq_Super Mario The Galactic Journey_custom": ["1E"],
    "1D_event_peach_message": null,
	"1E_Seq_Super Mario The Galactic Journey_custom": ["1B"],
    "1E_cutscene_intro": null,
	"1F_Seq_Super Mario The Galactic Journey_custom": ["1A"],
    "1F_cutscene_victory": null,
	"20_Seq_Super Mario The Galactic Journey_custom": ["23"],
    "20_cutscene_ending": null,
	"21_Seq_Super Mario The Galactic Journey_custom": ["17"],
    "21_menu_file_select": null,
    "22_cutscene_lakitu": {"ifdef": ["VERSION_US", "VERSION_EU", "VERSION_SH"], "banks": ["1B"]},
	"23_Seq_Super Mario The Galactic Journey_custom": ["17"],
	"24_Seq_Super Mario The Galactic Journey_custom": ["21"],
	"25_Seq_Super Mario The Galactic Journey_custom": ["17"],
	"26_Seq_Super Mario The Galactic Journey_custom": ["25"],
	"27_Seq_Super Mario The Galactic Journey_custom": ["0E"],
	"28_Seq_Super Mario The Galactic Journey_custom": ["19"],
	"29_Seq_Super Mario The Galactic Journey_custom": ["13"],
	"2A_Seq_Super Mario The Galactic Journey_custom": ["19"],
	"2B_Seq_Super Mario The Galactic Journey_custom": ["1B"],
	"2C_Seq_Super Mario The Galactic Journey_custom": ["11"],
	"2D_Seq_Super Mario The Galactic Journey_custom": ["19"],
	"2E_Seq_Super Mario The Galactic Journey_custom": ["17"],
	"2F_Seq_Super Mario The Galactic Journey_custom": ["1B"],
	"31_Seq_Super Mario The Galactic Journey_custom": ["17"],
	"33_Seq_Super Mario The Galactic Journey_custom": ["13"]
}